session_id,user_pseudo_id,user_id,session_date,source,medium,device
S-4ee8690a-4a5,GA-d9f9ccc3-27df-46bf-ad1b-6753836fd7d4,,2024-11-08 16:21:34.479293,direct,cpc,tablet
S-1c8a0976-e98,GA-42c129a4-3563-44fb-bc26-f8053201ab87,,2024-11-18 07:08:27.646849,instagram,email,desktop
S-9c30dadc-284,GA-b553eab9-733d-4742-8d81-d6157805933e,,2024-11-21 16:54:22.019132,instagram,none,mobile
S-51040931-bd3,GA-6e4648d6-984a-4569-87ef-7a2804d558c2,,2024-11-23 17:22:21.448254,instagram,cpc,desktop
S-85daa00c-8c4,GA-42c129a4-3563-44fb-bc26-f8053201ab87,U-520cd761,2024-11-24 07:08:27.646849,google,organic,desktop
S-250cea3d-03a,GA-5838367e-a8ef-4a99-92a9-c927f4069e65,,2024-11-25 18:13:21.911402,newsletter,email,mobile
S-7de6f399-748,GA-91a1e0f5-5053-4983-9a5b-f51e85b153a6,,2024-11-26 08:52:45.847856,facebook,email,mobile
S-de946d5a-6bf,GA-2639667b-d652-414f-835f-6ba0dc143999,,2024-11-28 18:37:31.158099,instagram,email,desktop
S-74cf03d4-cba,GA-6a086891-301b-45d1-8b9c-6da45098a1b0,,2024-12-01 07:19:50.736840,facebook,social,desktop
S-64b0c633-191,GA-ad8f7847-7310-49fe-8ec5-2824583b1924,,2024-12-01 08:00:44.457002,instagram,cpc,desktop
S-68256927-d4a,GA-49c4181c-3360-4c3e-a7e6-0b308739b319,,2024-12-02 22:42:27.857362,instagram,social,desktop
S-e2f708a3-62d,GA-462ff47f-e510-4d9c-9660-d20692c3f519,U-64fe4e49,2024-12-03 02:15:26.044702,instagram,cpc,tablet
S-3ac3de17-832,GA-52ea41c5-4db6-4fe3-99a6-d0b7475df6d7,,2024-12-04 08:24:45.675694,instagram,organic,desktop
S-f13d2da8-2d9,GA-f50f0a31-a3d3-4b3e-b269-5a1ee1f95d95,,2024-12-05 03:46:34.292428,google,none,mobile
S-6004d2d1-acb,GA-f05cd29d-1d01-4609-a49c-7252625167d1,U-d7a260e4,2024-12-06 20:38:04.120095,facebook,none,desktop
S-d2a88063-317,GA-d854c2b4-90ae-4d0d-9457-4e16d792ad4e,,2024-12-07 07:40:21.032118,newsletter,none,mobile
S-46c949ba-c8d,GA-d9541208-3567-4126-859c-0ca6faabae0e,,2024-12-09 05:30:07.912264,google,none,desktop
S-2c09598e-66f,GA-291ceb4b-11b1-4e26-a249-3cf44ac11e3a,,2024-12-09 14:33:12.942277,newsletter,none,desktop
S-d19cec19-18b,GA-d9f9ccc3-27df-46bf-ad1b-6753836fd7d4,U-3122c129,2024-12-09 16:21:34.479293,newsletter,none,tablet
S-34de3546-38e,GA-6a2b7cea-9223-48fb-9a25-ede4a90b7cef,,2024-12-10 06:51:25.896081,facebook,email,mobile
S-0883630e-0cc,GA-3788e6c1-81ed-46f7-a5ef-7266cc107aa8,,2024-12-10 13:15:44.036441,direct,organic,desktop
S-884ca6f2-446,GA-ca0bd0e6-9e9a-4cf9-bb62-fbbea7575614,,2024-12-11 06:02:19.977520,google,cpc,desktop
S-07e088f4-f21,GA-8f8eb4a2-b904-4f57-bf54-5a231fbb5457,,2024-12-12 20:51:11.611958,direct,email,mobile
S-e45525b0-70e,GA-cf42e112-9477-4843-9cc9-1b331163894f,,2024-12-16 05:58:14.670462,newsletter,social,mobile
S-4fb26253-bac,GA-b56d2d7d-4fcd-4fc7-94c3-bacbb41b45b2,,2024-12-17 17:27:52.887321,google,cpc,mobile
S-622bffe6-171,GA-d5cd9113-97de-49dc-8fe7-24a6ba213f8b,U-2897f60a,2024-12-17 22:56:13.741208,newsletter,none,mobile
S-77a66607-5ed,GA-d5cd9113-97de-49dc-8fe7-24a6ba213f8b,U-2897f60a,2024-12-17 22:56:13.741208,google,cpc,mobile
S-52bd9947-f21,GA-a7182b79-24e2-4305-9d03-255d5d20f2fb,,2024-12-18 01:55:47.636614,direct,social,desktop
S-151a4e3c-d66,GA-943a8194-fb48-4a0a-9a9f-64cd04626f0d,,2024-12-18 06:03:24.645555,instagram,organic,desktop
S-e4d2e0f5-1db,GA-462ff47f-e510-4d9c-9660-d20692c3f519,U-64fe4e49,2024-12-19 02:15:26.044702,instagram,social,tablet
S-fd209929-302,GA-f0b536d6-c43b-4948-b142-df4100039bdc,,2024-12-20 01:59:47.949794,newsletter,social,desktop
S-d286cc37-f95,GA-b3c59b20-dbb7-4fd2-9191-fcb3c8e8b7ba,U-5966c1de,2024-12-21 19:33:46.708821,newsletter,social,desktop
S-a36cfa78-9ec,GA-40152dbf-522d-46d0-a08c-0e47894f98c4,U-6457b777,2024-12-23 03:06:18.241496,facebook,social,mobile
S-65dd1adc-b7a,GA-d8310fb3-1cca-43bc-ab73-0422b80ea12c,,2024-12-23 17:29:15.483931,newsletter,organic,desktop
S-a9e05f75-15b,GA-1ed049e4-ce57-4831-921d-7987f3103ee3,,2024-12-23 18:09:26.575130,google,social,mobile
S-9a7d2ef1-237,GA-b7218aa1-044e-4c9c-86d1-d24f5f8a47ce,U-1ead3029,2024-12-23 21:51:32.050561,direct,email,mobile
S-722b9c0b-8bb,GA-4734aa4c-72a3-43fe-8547-3dd9d0af7b1d,,2024-12-24 05:29:37.093509,direct,none,mobile
S-cbb9930f-ed7,GA-ff96ff2d-add9-4ed8-afbf-7e02f2bc9824,U-f173a0b6,2024-12-25 08:51:40.747287,instagram,organic,tablet
S-3d2e482b-0e0,GA-40152dbf-522d-46d0-a08c-0e47894f98c4,U-6457b777,2024-12-26 03:06:18.241496,google,email,mobile
S-01883e69-37d,GA-cef020a3-1e4a-4982-b2ad-4249bdeedaa0,,2024-12-26 05:35:25.690665,facebook,cpc,mobile
S-b3a3e8db-d7b,GA-269ddcce-ef1a-45c6-aad4-0eb7e7a47b2f,,2024-12-27 03:54:32.099991,instagram,cpc,desktop
S-853ee92b-8b7,GA-7fc7ab42-6c03-49df-852b-28f09d303c55,,2024-12-27 09:37:42.093871,newsletter,none,desktop
S-b4f02fc7-07d,GA-bbeb39af-db64-4680-951b-78ecfbcedffe,,2024-12-27 10:52:40.330820,google,none,desktop
S-09dfeebc-555,GA-aebf2ffc-c421-4678-8a90-d95ad552cb01,,2024-12-29 16:43:01.441432,google,social,desktop
S-6316694e-3af,GA-b6510695-57e9-44b2-985d-c145b9485568,U-7fe56ec3,2024-12-30 06:54:23.653041,facebook,cpc,mobile
S-9a146cdd-1f9,GA-7d2647f3-11a2-4e22-a1aa-b1bb3fb7feda,,2025-01-01 04:21:13.814228,instagram,organic,desktop
S-b15fd8ea-e9a,GA-61960747-51cd-4a7e-bf97-f8c36260caca,,2025-01-02 03:38:59.480147,google,none,desktop
S-eb1968b0-d70,GA-c97d0c14-4553-4d30-bd91-e736740bb636,,2025-01-02 05:28:32.031129,facebook,none,desktop
S-f646f27f-b1f,GA-1476d6d3-bc88-496b-aaf3-c2dc73c3b9dd,,2025-01-02 08:30:56.340624,facebook,email,desktop
S-e689fa27-5b5,GA-66fd7564-ca6e-4d92-a9ff-496981ed1cf6,,2025-01-04 21:04:18.402574,newsletter,organic,mobile
S-876ee8cb-3a0,GA-fcf44cf2-f315-40fa-913a-c2d5f1ec134c,,2025-01-05 20:21:06.364709,direct,email,desktop
S-04b8a49e-ce1,GA-40152dbf-522d-46d0-a08c-0e47894f98c4,U-6457b777,2025-01-07 03:06:18.241496,instagram,social,mobile
S-84dd7330-338,GA-aa439555-ee95-4629-93b9-8307ddf96d2b,,2025-01-07 14:06:37.188181,direct,cpc,mobile
S-927a7b48-396,GA-30af563c-c799-44fc-9568-ef3069033460,,2025-01-07 17:36:06.727276,facebook,cpc,mobile
S-0d4549db-0e6,GA-42c129a4-3563-44fb-bc26-f8053201ab87,U-520cd761,2025-01-08 07:08:27.646849,instagram,email,desktop
S-622c95d7-10e,GA-ff96ff2d-add9-4ed8-afbf-7e02f2bc9824,U-f173a0b6,2025-01-08 08:51:40.747287,facebook,social,tablet
S-703c4af6-627,GA-b7218aa1-044e-4c9c-86d1-d24f5f8a47ce,U-1ead3029,2025-01-08 21:51:32.050561,direct,social,mobile
S-f99fbdb2-248,GA-ca79fe06-c4aa-4775-ab3f-25ff13d2bb90,,2025-01-09 14:14:51.155018,direct,cpc,mobile
S-5342b72a-1ef,GA-a5ffc9bb-aedf-462c-9eba-363a492cbdd5,,2025-01-09 16:37:14.065150,direct,cpc,desktop
S-ff3e1719-ccb,GA-b3c59b20-dbb7-4fd2-9191-fcb3c8e8b7ba,U-5966c1de,2025-01-11 19:33:46.708821,direct,organic,desktop
S-c681518d-a8c,GA-e545e463-0710-4fb8-9472-3ced0f01c813,,2025-01-12 09:14:09.197934,google,social,desktop
S-9af0e99b-951,GA-fee2c5c3-03a8-4899-be41-1c9d31a0790c,,2025-01-12 13:29:53.118162,google,none,desktop
S-bdd8c773-f57,GA-0a3a7536-1678-44dd-8bcf-b58e0fc2b38c,U-a522fc92,2025-01-14 21:35:22.550337,facebook,none,tablet
S-5a4a029a-4db,GA-efbb396e-6c39-4085-bc0d-9a51488a01d9,,2025-01-15 06:52:37.378150,google,cpc,desktop
S-029157ec-ca5,GA-ff96ff2d-add9-4ed8-afbf-7e02f2bc9824,U-f173a0b6,2025-01-15 08:51:40.747287,instagram,none,tablet
S-8dde1e3a-5ba,GA-8b9076c0-21dd-4c13-88c8-528e97db0495,,2025-01-15 17:57:50.003212,direct,social,mobile
S-07b4f8f6-7fe,GA-7bd0ffca-62d1-41fd-a136-72e21e88ee19,,2025-01-15 23:13:17.379972,facebook,social,desktop
S-e7c0aa7f-a30,GA-40152dbf-522d-46d0-a08c-0e47894f98c4,U-6457b777,2025-01-17 03:06:18.241496,facebook,none,mobile
S-23b48eb5-26f,GA-0a3a7536-1678-44dd-8bcf-b58e0fc2b38c,U-a522fc92,2025-01-18 21:35:22.550337,facebook,email,tablet
S-b9e407a9-631,GA-50a76f42-eda9-4c0c-bb30-da827f400af3,,2025-01-19 19:50:36.840749,newsletter,organic,mobile
S-0d32e8ab-67c,GA-9e041301-9c3c-4b93-9cc7-0862015cd81e,,2025-01-20 11:47:23.914293,google,email,desktop
S-fe4d9a6d-3a0,GA-de759790-a9a1-4c63-af7f-8c54800b5b80,U-2130183c,2025-01-22 03:46:20.964198,google,organic,tablet
S-202743b9-9b6,GA-51d95c2d-8866-4155-8a57-85e24a31e9e1,U-2801eb32,2025-01-22 19:42:39.631101,instagram,email,tablet
S-adf0f638-13d,GA-42c129a4-3563-44fb-bc26-f8053201ab87,U-520cd761,2025-01-23 07:08:27.646849,direct,email,desktop
S-6f5d6368-c77,GA-3e6ef0fd-fc4f-4fea-9fa4-ce6a68a39f7b,,2025-01-23 16:02:31.181264,direct,social,desktop
S-2b0f515f-b0b,GA-403b5f5b-46e5-409e-bfd3-dc4636dea445,U-801c9d42,2025-01-25 00:13:34.643234,direct,none,mobile
S-9d68fd5e-633,GA-af600ad9-9c9b-4161-8e66-57f50254cd19,,2025-01-25 11:43:57.961668,facebook,organic,desktop
S-38962189-249,GA-2c94b2ba-9846-41b6-bec5-c8295774f300,U-45bb3340,2025-01-26 10:29:06.032846,newsletter,email,mobile
S-368c0505-640,GA-ed851e39-dc63-481a-b792-bf5e1992692b,U-817666d0,2025-01-27 14:38:12.877824,google,email,desktop
S-4c69100a-a29,GA-51d95c2d-8866-4155-8a57-85e24a31e9e1,U-2801eb32,2025-01-28 19:42:39.631101,direct,email,tablet
S-62b30007-64b,GA-60715964-515d-450d-8fce-8402e86712a4,,2025-01-29 03:59:26.413842,direct,social,mobile
S-a513e33d-f84,GA-7759937e-6ab1-4aa2-8592-c9ede98d5033,,2025-01-29 08:10:52.658214,newsletter,none,desktop
S-bf5c666e-4f9,GA-2c94b2ba-9846-41b6-bec5-c8295774f300,U-45bb3340,2025-01-29 10:29:06.032846,google,none,mobile
S-cc4183ed-197,GA-ed851e39-dc63-481a-b792-bf5e1992692b,U-817666d0,2025-01-29 14:38:12.877824,google,organic,desktop
S-eb89ef98-ea2,GA-51d95c2d-8866-4155-8a57-85e24a31e9e1,U-2801eb32,2025-01-29 19:42:39.631101,google,social,tablet
S-8caebb18-bef,GA-c4bc39a6-51e9-41f0-8d9f-ed889860fe68,U-fac0d3d6,2025-01-30 00:16:45.746829,newsletter,organic,desktop
S-65d109d0-fdb,GA-a4e146bd-880b-480f-99e0-1063de0b0b74,U-3595f93c,2025-01-30 15:03:37.168023,facebook,email,mobile
S-7a41ac95-155,GA-95066a1d-72b9-4e91-8f21-38cbb0bf44e4,U-a14f430b,2025-02-01 16:45:48.515059,newsletter,organic,mobile
S-d95eb75d-380,GA-e5d0e974-f154-41e3-bd98-5fb2cea3999e,,2025-02-02 01:23:48.644085,instagram,email,desktop
S-0327648c-ce2,GA-403b5f5b-46e5-409e-bfd3-dc4636dea445,U-801c9d42,2025-02-03 00:13:34.643234,instagram,none,mobile
S-45d3740e-def,GA-032d412d-4ab8-4dcf-990e-724ff62b1328,,2025-02-03 16:02:07.017706,instagram,organic,desktop
S-937cd289-e4a,GA-c4bc39a6-51e9-41f0-8d9f-ed889860fe68,U-fac0d3d6,2025-02-04 00:16:45.746829,direct,email,desktop
S-3088fdba-3c1,GA-039f8157-2d54-4160-bc7e-e74b2c72cecf,U-8db196a9,2025-02-04 12:29:09.572503,google,social,mobile
S-99d35961-13d,GA-2c94b2ba-9846-41b6-bec5-c8295774f300,U-45bb3340,2025-02-05 10:29:06.032846,direct,email,mobile
S-8e1b24e9-945,GA-231bb37a-223a-40af-8354-2a7005595e7a,,2025-02-06 04:28:52.995190,facebook,organic,desktop
S-601fd62f-7b8,GA-2c94b2ba-9846-41b6-bec5-c8295774f300,U-45bb3340,2025-02-07 10:29:06.032846,direct,organic,mobile
S-42d894af-e15,GA-039f8157-2d54-4160-bc7e-e74b2c72cecf,U-8db196a9,2025-02-07 12:29:09.572503,newsletter,organic,mobile
S-b346a474-b0b,GA-1514c614-4c72-4d19-974e-2f10a8f96d89,U-3815e02e,2025-02-07 22:52:56.982334,facebook,none,mobile
S-25aed3b9-6ee,GA-043bbdaf-cf06-471e-8491-83db5616687c,,2025-02-08 01:43:00.776622,direct,none,mobile
S-e08abd4a-fb0,GA-ff96ff2d-add9-4ed8-afbf-7e02f2bc9824,U-f173a0b6,2025-02-08 08:51:40.747287,instagram,organic,tablet
S-ce90bd8e-db3,GA-b21e62de-3d42-4146-a99f-4d7ba532ef01,,2025-02-08 16:54:51.139637,google,email,mobile
S-e74687fd-9b5,GA-de759790-a9a1-4c63-af7f-8c54800b5b80,U-2130183c,2025-02-09 03:46:20.964198,facebook,none,tablet
S-8b933576-120,GA-403b5f5b-46e5-409e-bfd3-dc4636dea445,U-801c9d42,2025-02-10 00:13:34.643234,facebook,email,mobile
S-331a19dd-7bc,GA-c4bc39a6-51e9-41f0-8d9f-ed889860fe68,U-fac0d3d6,2025-02-10 00:16:45.746829,google,email,desktop
S-7a85c40b-6b9,GA-6a2b7cea-9223-48fb-9a25-ede4a90b7cef,U-75d5471c,2025-02-10 06:51:25.896081,direct,social,mobile
S-0315db63-ab5,GA-a30ff2ab-3df7-402f-89dd-ea1994258bd3,,2025-02-10 18:48:43.996598,direct,social,desktop
S-991a2c9e-3f9,GA-629a584e-1d49-49c3-a721-0f4374b161d2,U-824cf32c,2025-02-10 23:12:06.394297,direct,social,desktop
S-3fbe1f24-6c9,GA-c0739ed3-7bd0-4cf4-bc4b-0526ac530c48,,2025-02-11 02:49:09.043566,newsletter,social,desktop
S-6da5de01-12a,GA-83c896b5-3ebe-4f3b-b791-781e807f2409,U-2b1fd3bd,2025-02-11 03:18:04.666548,direct,none,mobile
S-4a74c600-0dd,GA-3ac4aaea-9051-4e87-8b31-7f2b8eaa2645,U-10c7a140,2025-02-11 03:32:54.157520,facebook,organic,mobile
S-a71c85f6-07d,GA-826c99f0-e112-4b6b-abbb-ad6f3acea0a8,,2025-02-11 19:12:51.348165,direct,social,desktop
S-184a736f-8d3,GA-c97d0c14-4553-4d30-bd91-e736740bb636,U-2822a9b8,2025-02-12 05:28:32.031129,facebook,organic,desktop
S-1ebe2321-982,GA-4ba69081-11f5-47fb-8ee7-bd3b390473aa,,2025-02-12 18:16:17.577643,instagram,organic,desktop
S-9e77089d-639,GA-51d95c2d-8866-4155-8a57-85e24a31e9e1,U-2801eb32,2025-02-12 19:42:39.631101,google,email,tablet
S-c86e0a58-4d4,GA-ab0d5b1c-1fdf-45cb-90d0-007a7de45dda,U-2873b25f,2025-02-13 01:27:36.709422,newsletter,cpc,tablet
S-ef3144cb-3cc,GA-deb83b30-1bf5-451e-ac4a-b0c6bbc32aeb,,2025-02-13 12:24:18.779292,google,cpc,mobile
S-250c0f74-450,GA-f3af71e5-9646-4369-bc84-f36eac6bf9a1,,2025-02-14 11:01:18.386465,direct,cpc,desktop
S-6cec5592-d30,GA-17417ab4-fdea-4e92-87c0-f2cedd3c2112,,2025-02-14 11:16:57.822754,instagram,email,mobile
S-e86f7fb0-0b8,GA-ce56fe3f-f62e-4ed4-8dd8-4c89fd816aaf,,2025-02-14 22:46:52.159253,facebook,email,mobile
S-a3cb118c-fd5,GA-28b5a8fc-70ad-4187-993b-ff03b2d32dd2,,2025-02-15 22:22:15.640827,newsletter,social,mobile
S-670d0734-437,GA-039f8157-2d54-4160-bc7e-e74b2c72cecf,U-8db196a9,2025-02-16 12:29:09.572503,direct,social,mobile
S-aad44c97-a86,GA-a727df2e-1448-449c-8d4c-01aba55c6547,,2025-02-17 21:36:14.221354,instagram,cpc,desktop
S-f505fd59-569,GA-ab0d5b1c-1fdf-45cb-90d0-007a7de45dda,U-2873b25f,2025-02-18 01:27:36.709422,facebook,cpc,tablet
S-71baf294-42b,GA-8b9076c0-21dd-4c13-88c8-528e97db0495,U-93e0157a,2025-02-18 17:57:50.003212,newsletter,cpc,mobile
S-b34cef0d-af6,GA-e4d6a3d7-d43a-4032-b37a-7f670bb270e7,,2025-02-20 05:55:30.766176,google,cpc,desktop
S-5f1a0ac1-e17,GA-b6510695-57e9-44b2-985d-c145b9485568,U-7fe56ec3,2025-02-23 06:54:23.653041,google,cpc,mobile
S-94b0d451-b10,GA-9e51bd9b-7599-4e6e-af00-96af517b72fb,,2025-02-24 10:58:06.170564,facebook,none,mobile
S-9524380c-d26,GA-8b9076c0-21dd-4c13-88c8-528e97db0495,U-93e0157a,2025-02-24 17:57:50.003212,facebook,none,mobile
S-b5b9c13c-980,GA-e4f9d294-1069-454b-87a7-6ae2170564be,,2025-02-25 07:05:29.726922,facebook,none,mobile
S-f6d23458-4ae,GA-48098fb1-5e21-4b5c-8b5b-b2c893561d45,,2025-02-25 12:02:02.375681,newsletter,cpc,desktop
S-c8c04d3c-af5,GA-bc0ccd69-9b0c-4f9d-8c93-4df89d1f40b7,U-1a9b21f3,2025-02-25 20:34:04.669422,instagram,organic,tablet
S-31fc24a4-f2b,GA-d20a9784-8d58-42af-a587-ff554c4b59f7,,2025-02-25 22:54:17.159847,newsletter,email,desktop
S-d21a486e-287,GA-28c360db-1716-465a-9c58-962a7953cdac,,2025-02-26 05:50:49.530175,google,email,mobile
S-34a15f1f-30e,GA-42e96a05-dc42-4502-9e18-e1abaf680a7d,,2025-02-26 06:52:01.102478,direct,social,mobile
S-a472ab99-bd4,GA-713eecd4-4e7f-41b2-ba0e-f21f7d01a9f9,,2025-02-26 15:00:09.574672,facebook,organic,desktop
S-1048c5ce-ddf,GA-629a584e-1d49-49c3-a721-0f4374b161d2,U-824cf32c,2025-02-27 23:12:06.394297,google,cpc,desktop
S-ecfc082a-fd2,GA-4e68c070-7fdc-43f0-8bb6-8425ce540d8d,,2025-02-28 05:46:26.532065,google,none,desktop
S-124b639e-846,GA-039f8157-2d54-4160-bc7e-e74b2c72cecf,U-8db196a9,2025-02-28 12:29:09.572503,direct,email,mobile
S-2026ada9-738,GA-25dfd354-119e-4255-a1ea-917fdc02696d,,2025-03-01 11:09:21.119011,facebook,social,mobile
S-b5b31235-7ec,GA-4527f423-3334-44fe-82ce-882fe292440b,,2025-03-02 20:57:29.057745,direct,none,desktop
S-0db9cc1a-0e1,GA-ed851e39-dc63-481a-b792-bf5e1992692b,U-817666d0,2025-03-04 14:38:12.877824,google,none,desktop
S-6cc61903-c35,GA-1514c614-4c72-4d19-974e-2f10a8f96d89,U-3815e02e,2025-03-04 22:52:56.982334,newsletter,organic,mobile
S-4722363a-629,GA-320c3df7-551e-4f32-9875-078474c8a22b,,2025-03-05 15:52:28.271470,instagram,organic,mobile
S-f853f0c9-9e4,GA-1e7aac75-510f-429c-be01-ea7eb3b061dd,,2025-03-05 18:05:16.211043,newsletter,cpc,mobile
S-8c5854aa-4f2,GA-acf073ea-52ae-4d87-b6b8-9720513acdd2,,2025-03-05 21:34:11.116352,google,organic,mobile
S-0869828a-227,GA-629a584e-1d49-49c3-a721-0f4374b161d2,U-824cf32c,2025-03-05 23:12:06.394297,facebook,social,desktop
S-50f8deca-22a,GA-49daccc4-1bea-4155-abef-a00bfc922a56,,2025-03-07 07:08:30.164416,instagram,organic,desktop
S-8a094286-4fc,GA-373c6a78-4a3a-4902-a250-456aa7d8a5d8,U-8faa1d4f,2025-03-07 07:10:38.665469,instagram,email,mobile
S-4bffb868-779,GA-7a0a7c58-e828-44dc-9419-0585e54dd81e,U-034b8e04,2025-03-07 07:39:12.243149,facebook,none,tablet
S-cbff73b0-30c,GA-fe9030b9-e4fd-4c45-8bfb-cce0d8369db5,,2025-03-08 11:52:24.741104,instagram,social,mobile
S-b34ecf30-672,GA-8b9076c0-21dd-4c13-88c8-528e97db0495,U-93e0157a,2025-03-08 17:57:50.003212,instagram,email,mobile
S-3ac4e5e5-0a5,GA-e4391c67-b5dd-4491-9af5-647d1841e3d9,,2025-03-08 18:16:35.697845,direct,cpc,desktop
S-334944a1-c92,GA-373c6a78-4a3a-4902-a250-456aa7d8a5d8,U-8faa1d4f,2025-03-09 07:10:38.665469,facebook,email,mobile
S-6becb473-830,GA-c8778b4f-3459-4342-9a39-49e83ef4f70d,,2025-03-09 23:01:32.400367,direct,social,mobile
S-cdec62b1-199,GA-159d63f6-4209-41a7-801f-36f081da986d,,2025-03-10 01:45:26.306577,newsletter,none,mobile
S-dce50d3c-d57,GA-79550595-5aa5-4249-af34-7fcfc2b43006,,2025-03-10 04:08:48.061629,instagram,email,desktop
S-e4949c6c-320,GA-7a0a7c58-e828-44dc-9419-0585e54dd81e,U-034b8e04,2025-03-10 07:39:12.243149,instagram,cpc,tablet
S-e742cdeb-ab9,GA-1ff4a095-817f-4b4d-8d32-e74bc2c7c5bc,,2025-03-11 01:01:13.002096,newsletter,organic,desktop
S-f2aefdb0-bc3,GA-a2c458de-a5ca-473d-af0a-8d8c5f17de60,U-8f65959c,2025-03-11 11:50:40.264770,newsletter,none,tablet
S-5dfe8b93-f04,GA-2eeaa471-4aa0-4828-a7e6-8b5a5411fdce,U-3e98ae85,2025-03-12 10:47:04.930683,direct,organic,tablet
S-c9c4bd3c-6db,GA-e7c7a52a-6ed9-4cde-9fac-5c2e72c8e242,U-749bf04b,2025-03-13 02:13:41.561258,direct,none,desktop
S-68cb6f97-e6d,GA-e003ef04-eb64-4ee6-a54e-196d9d7c5485,U-2746239f,2025-03-13 15:34:09.770477,facebook,social,desktop
S-21c30716-6d8,GA-e7c7a52a-6ed9-4cde-9fac-5c2e72c8e242,U-749bf04b,2025-03-14 02:13:41.561258,newsletter,none,desktop
S-9762583a-028,GA-a1e78069-7e1d-4141-ad30-0600a2527cf7,,2025-03-14 04:36:20.364372,google,organic,mobile
S-8ca28f5b-ba0,GA-722e6827-97fc-49f7-8d3b-36a5790d3f1e,U-4470b40e,2025-03-14 08:17:48.105218,google,email,mobile
S-c3974ae1-fef,GA-629a584e-1d49-49c3-a721-0f4374b161d2,U-824cf32c,2025-03-14 23:12:06.394297,newsletter,email,desktop
S-5e103c17-857,GA-7a0a7c58-e828-44dc-9419-0585e54dd81e,U-034b8e04,2025-03-15 07:39:12.243149,newsletter,cpc,tablet
S-f52fc1aa-071,GA-379a53f3-3f5d-4962-b375-5ef9c3155760,,2025-03-16 21:39:32.655645,google,cpc,desktop
S-cbd9c189-316,GA-ed28c0c5-43c2-4acd-b526-a1308482a949,U-6c9f0768,2025-03-17 13:04:08.962465,newsletter,organic,mobile
S-68abf5d5-2b1,GA-bb2b789d-55d7-4e30-80f4-5b06f34dd47a,U-715c20f9,2025-03-18 16:27:06.655177,instagram,cpc,desktop
S-30d7cf3a-624,GA-8b9076c0-21dd-4c13-88c8-528e97db0495,U-93e0157a,2025-03-18 17:57:50.003212,newsletter,social,mobile
S-cbf1dfc3-9f0,GA-90c19381-33e8-4096-9701-3f06b2879b91,,2025-03-19 03:57:23.491615,google,none,mobile
S-6eea8c0e-1fc,GA-d6b32b94-7b03-4547-9b1a-78bd173b5166,,2025-03-20 00:29:38.348517,newsletter,organic,mobile
S-a199d9ff-649,GA-7ca2df42-6b03-4daa-90fb-0c6146c8ff28,,2025-03-20 11:46:10.103393,facebook,email,mobile
S-b9651a49-560,GA-4569f592-f481-47a2-b088-790c86d34eef,,2025-03-20 16:40:08.414182,direct,email,desktop
S-e9df4f18-698,GA-02af0cac-09a0-4954-a444-03fadcf65431,,2025-03-21 22:42:28.983180,direct,organic,desktop
S-a5cbbc9f-5b2,GA-c0e97b2e-81d0-4ae4-bcac-63ac5d945c23,,2025-03-22 02:36:30.443294,direct,email,desktop
S-36f5b93d-999,GA-ac0c48e1-ad95-409c-9db3-8dec762b5481,,2025-03-22 11:58:28.757256,instagram,email,mobile
S-dff2be15-06e,GA-d52f5431-59f4-420e-abc1-760ba59357a0,,2025-03-23 12:20:24.632835,google,organic,mobile
S-18def08c-838,GA-95066a1d-72b9-4e91-8f21-38cbb0bf44e4,U-a14f430b,2025-03-24 16:45:48.515059,direct,organic,mobile
S-3e333d65-c65,GA-5312929c-0710-478f-86a3-1dd62f14dc6a,,2025-03-24 19:44:29.666852,facebook,email,desktop
S-62a1ef27-967,GA-bc0ccd69-9b0c-4f9d-8c93-4df89d1f40b7,U-1a9b21f3,2025-03-25 20:34:04.669422,facebook,none,tablet
S-65ec82f6-06e,GA-c4bc39a6-51e9-41f0-8d9f-ed889860fe68,U-fac0d3d6,2025-03-27 00:16:45.746829,facebook,organic,desktop
S-c33fb438-57e,GA-d9231643-2255-4744-9be0-f43d4d1d4f6b,U-de5d5623,2025-03-28 02:17:54.679780,instagram,none,tablet
S-9c0f3039-269,GA-e7c7a52a-6ed9-4cde-9fac-5c2e72c8e242,U-749bf04b,2025-03-29 02:13:41.561258,google,organic,desktop
S-c8cafce0-b11,GA-6b46f0ef-06b5-43b5-9644-622de430f982,U-24ba9e3b,2025-03-31 07:44:42.113021,direct,cpc,tablet
S-3bff97da-d5f,GA-dc8edf04-8595-4e90-bfec-ffe79ce7b5e2,,2025-03-31 14:34:23.962784,google,organic,mobile
S-ed97783d-3ee,GA-2826be67-160d-4b76-ba07-8af966132b6d,,2025-03-31 18:54:59.993356,newsletter,none,mobile
S-ec80c515-532,GA-d20a9784-8d58-42af-a587-ff554c4b59f7,U-8a6af77b,2025-03-31 22:54:17.159847,newsletter,social,desktop
S-129fffb3-913,GA-e7c7a52a-6ed9-4cde-9fac-5c2e72c8e242,U-749bf04b,2025-04-02 02:13:41.561258,instagram,social,desktop
S-8922655d-d3f,GA-97d37afd-0d57-45fc-b6c3-dd9254a2b2fc,,2025-04-02 03:33:50.918257,newsletter,social,mobile
S-6b5f8ddd-1d1,GA-e783cced-b6ca-4519-bffa-145e6f551ccd,,2025-04-02 22:37:07.844786,facebook,none,desktop
S-c78a1b53-cbe,GA-eea39802-6977-47ac-90ff-8fb47eb1e4dc,,2025-04-03 07:20:47.085479,instagram,organic,desktop
S-2d4168b7-158,GA-72f3958d-823c-47bb-8968-8f83b3358dbe,,2025-04-03 20:17:19.251167,instagram,organic,desktop
S-7f0153e0-367,GA-42670d7c-0f88-4967-b8b6-42284a2c69da,,2025-04-04 07:14:41.330115,facebook,cpc,mobile
S-afab178b-4e7,GA-e6477c0e-adc0-473c-9a97-9937ba192c1c,,2025-04-05 04:29:43.152394,newsletter,organic,desktop
S-5777fa7b-849,GA-1e943bed-835c-4c8d-be04-6f694d14b06b,,2025-04-05 08:32:36.742914,newsletter,email,desktop
S-ff5d9cb2-298,GA-d20a9784-8d58-42af-a587-ff554c4b59f7,U-8a6af77b,2025-04-05 22:54:17.159847,newsletter,email,desktop
S-50da470e-2a4,GA-b14260c9-d167-42ba-b56d-dfe327dfa88b,,2025-04-07 10:47:40.269689,facebook,social,desktop
S-46e7669f-cd9,GA-e4f1261d-850e-4c56-a04c-a9e6c7b85aa3,,2025-04-08 20:13:04.145057,newsletter,none,mobile
S-f11ffb72-c13,GA-d95a1c1b-463c-44fb-a606-9a387c45e8b8,,2025-04-08 22:01:09.450125,facebook,none,mobile
S-e8166a14-5a4,GA-b6101247-ed1b-4efa-b708-7f4d20a7d20a,,2025-04-08 23:11:08.490931,google,organic,desktop
S-e45f5cec-1cc,GA-fdcda2c9-2636-41e9-bb51-2eb9da5bf90c,,2025-04-09 09:31:21.001182,facebook,email,desktop
S-45c97e88-8f9,GA-a2c458de-a5ca-473d-af0a-8d8c5f17de60,U-8f65959c,2025-04-09 11:50:40.264770,facebook,social,tablet
S-ea144538-690,GA-8830f302-a0f4-41b6-82bc-be67eec7336e,,2025-04-09 13:15:32.691844,direct,social,mobile
S-9315f2b1-038,GA-713eecd4-4e7f-41b2-ba0e-f21f7d01a9f9,U-2095e1cd,2025-04-10 15:00:09.574672,instagram,none,desktop
S-9e0da7d9-3d8,GA-96ee9d86-ef98-4660-bdda-1117aad55024,,2025-04-11 14:58:18.931151,instagram,social,desktop
S-75266e89-eea,GA-47cd1467-7731-4901-8ef1-5181d7ae1c8a,U-15d84f82,2025-04-12 11:47:54.975178,instagram,cpc,mobile
S-5e0fe844-007,GA-a2c458de-a5ca-473d-af0a-8d8c5f17de60,U-8f65959c,2025-04-12 11:50:40.264770,facebook,social,tablet
S-7a31b9e3-d9a,GA-bb2b789d-55d7-4e30-80f4-5b06f34dd47a,U-715c20f9,2025-04-13 16:27:06.655177,facebook,organic,desktop
S-674c1be5-b95,GA-eacef7fd-804a-4a4b-8e5c-643d356136a3,,2025-04-13 18:54:27.334526,facebook,cpc,mobile
S-068cd800-2e6,GA-cabf0a5f-1d62-47c1-94a7-2ecf679901dc,,2025-04-14 05:41:33.845381,instagram,social,mobile
S-0d56b88f-3e2,GA-ed02f36e-e218-44d6-a660-c4946fbc071f,,2025-04-14 19:45:32.912731,newsletter,social,desktop
S-74ba6d04-93c,GA-d3662f03-695e-4a8a-93f8-32c3f0ed6591,,2025-04-14 20:23:18.102062,facebook,organic,mobile
S-9da48045-038,GA-d20a9784-8d58-42af-a587-ff554c4b59f7,U-8a6af77b,2025-04-14 22:54:17.159847,instagram,cpc,desktop
S-05cbd413-91b,GA-62860402-2116-4c4e-a46b-6f99e58ff643,,2025-04-18 16:25:58.314374,facebook,email,mobile
S-aae0f047-4c3,GA-0f6e3cef-1e3d-41b6-ab69-3f0adfdebec5,,2025-04-19 16:49:27.413251,facebook,email,desktop
S-9e4a972c-307,GA-4a6ff46b-34c0-4a07-9fe9-4010bb42adcc,,2025-04-20 04:00:27.955694,newsletter,none,desktop
S-26be9520-4cb,GA-e8105fac-3bfa-4b4c-b327-d52ddd2923ae,,2025-04-21 10:07:47.454809,instagram,email,mobile
S-6d6c855c-f81,GA-27016591-adbb-4799-8aff-e234a54ea1ab,,2025-04-21 10:14:29.554054,facebook,social,desktop
S-dc860368-0a4,GA-713eecd4-4e7f-41b2-ba0e-f21f7d01a9f9,U-2095e1cd,2025-04-21 15:00:09.574672,google,cpc,desktop
S-f08fadf8-9b4,GA-d52f5431-59f4-420e-abc1-760ba59357a0,U-4c9bebfc,2025-04-23 12:20:24.632835,google,none,mobile
S-98791eae-683,GA-bb2b789d-55d7-4e30-80f4-5b06f34dd47a,U-715c20f9,2025-04-23 16:27:06.655177,facebook,organic,desktop
S-7d284eea-4be,GA-a2c458de-a5ca-473d-af0a-8d8c5f17de60,U-8f65959c,2025-04-24 11:50:40.264770,newsletter,social,tablet
S-37434eb9-83d,GA-713eecd4-4e7f-41b2-ba0e-f21f7d01a9f9,U-2095e1cd,2025-04-24 15:00:09.574672,direct,email,desktop
S-ccbbbb39-dfd,GA-e6f42a74-a4aa-4217-a9ea-582de2f920d1,,2025-04-26 23:15:02.541808,newsletter,none,desktop
S-bc89f7f0-e31,GA-79550595-5aa5-4249-af34-7fcfc2b43006,U-9520eb94,2025-04-27 04:08:48.061629,newsletter,cpc,desktop
S-39670aec-622,GA-79550595-5aa5-4249-af34-7fcfc2b43006,U-9520eb94,2025-04-30 04:08:48.061629,facebook,email,desktop
S-e761c1d3-8d7,GA-956dff50-30ca-401a-b40b-2eed86b02159,,2025-05-01 02:42:47.579657,google,none,desktop
S-4a271ac3-62f,GA-8f9dbda3-777f-4698-b30e-3a9376922afb,,2025-05-02 01:58:12.633993,facebook,organic,mobile
S-215fe94b-81c,GA-52d34230-9161-4d0f-82ba-ff18a40870cf,,2025-05-02 18:11:22.587010,facebook,cpc,desktop
S-5214bdea-253,GA-bb2b789d-55d7-4e30-80f4-5b06f34dd47a,U-715c20f9,2025-05-05 16:27:06.655177,instagram,social,desktop
S-d0df48c0-dc2,GA-79550595-5aa5-4249-af34-7fcfc2b43006,U-9520eb94,2025-05-06 04:08:48.061629,newsletter,organic,desktop
S-41ce75a1-942,GA-5e144d55-a710-4493-8189-9785941820cb,,2025-05-06 11:53:02.204086,newsletter,social,desktop
S-bda1d294-240,GA-337a7cf5-6774-4d92-a78f-f326e34bfd47,,2025-05-06 12:18:58.188291,instagram,email,mobile
S-eabb7d73-51a,GA-a855455c-b8d0-4c49-80eb-eb8a50d8e759,,2025-05-07 12:16:19.262037,google,email,mobile
S-f33f3b4d-e95,GA-6703173c-39a8-47ec-afea-4cd7220cdf6c,,2025-05-08 09:20:50.015357,direct,email,mobile
S-150077b5-9a9,GA-5a536a57-442e-4861-98ac-99121e4ce483,U-f4407e3e,2025-05-08 17:36:01.913720,direct,social,mobile
S-2aa9bab4-650,GA-10e6742a-e095-4024-a24d-42d038283c5b,,2025-05-09 05:25:05.025472,newsletter,email,desktop
S-5f1b4a75-5d6,GA-930cd40f-117b-4347-a39c-27b4bd86967d,,2025-05-09 14:03:10.666246,facebook,none,mobile
S-e856845a-14e,GA-cad18718-ba5f-434d-baff-21d902866c04,,2025-05-10 17:01:02.678859,google,social,mobile
S-86481682-500,GA-00852f2d-f208-44b5-ac9a-7bb71b220569,,2025-05-11 20:34:18.508663,facebook,none,desktop
S-3a179220-54f,GA-d20a9784-8d58-42af-a587-ff554c4b59f7,U-8a6af77b,2025-05-11 22:54:17.159847,newsletter,social,desktop
S-bd16648a-406,GA-07a4ff39-e547-472f-80a2-a2a676c2c740,,2025-05-12 03:04:47.042106,google,none,desktop
S-16281850-aa3,GA-40d97e86-5e7d-4d34-9e13-688ad30cfe08,,2025-05-12 09:42:23.027582,facebook,social,mobile
S-fb7f1964-d17,GA-de2b5553-098b-4cc7-b4ee-48db15243a65,,2025-05-15 21:07:50.658943,newsletter,social,desktop
S-b23a0717-405,GA-3b2ca02f-2e00-4611-9771-446df1cf2c78,,2025-05-16 13:15:53.934759,instagram,cpc,mobile
S-94e595cf-6bf,GA-cd5b6538-8fe5-45b4-b961-e66d8c703e26,,2025-05-16 16:30:35.228615,instagram,organic,desktop
S-d9d66663-b85,GA-4debbcbf-13df-4896-900b-62565b9f0159,,2025-05-17 20:51:15.899265,instagram,none,mobile
S-8cd4f994-daa,GA-bb526c16-488d-4043-be0d-9b485c82a2dc,U-ee15e157,2025-05-18 06:42:04.133329,direct,cpc,tablet
S-98fbe7d1-83e,GA-19175959-03f3-412a-b5a3-dc4724fffffc,U-d55ea96d,2025-05-19 09:16:50.202800,newsletter,email,desktop
S-2fad5a22-947,GA-edd456f9-3358-4951-affd-7d87594b0d7f,U-5201f77e,2025-05-19 11:32:43.558836,instagram,email,tablet
S-93f9ce8c-f7f,GA-4443795c-a1ab-4507-91c0-716535902768,U-ad03d281,2025-05-19 21:37:59.369079,google,organic,tablet
S-f07d5b63-730,GA-2b65b8ad-23b9-4dd6-a282-fe8f5f7f1974,,2025-05-20 11:09:15.219702,instagram,social,tablet
S-204ad7df-2ac,GA-211588c1-b98e-4a74-8c70-cdd632f43eaa,,2025-05-20 13:16:50.660534,google,none,desktop
S-f765fab6-98d,GA-4443795c-a1ab-4507-91c0-716535902768,U-ad03d281,2025-05-20 21:37:59.369079,newsletter,email,tablet
S-2a45e7bf-176,GA-bdac49bf-52aa-417a-ad15-01d01a69723c,,2025-05-21 09:59:58.470676,direct,organic,desktop
S-88e3a66b-259,GA-075d004f-8957-44d7-ae55-eb06367ebf1c,,2025-05-21 17:14:02.476725,facebook,cpc,desktop
S-b4af2153-a59,GA-a8aa5050-dafc-4da8-86e4-6f722c0fcbaf,,2025-05-22 22:09:23.622784,newsletter,social,desktop
S-4c7b1f94-6c4,GA-edd456f9-3358-4951-affd-7d87594b0d7f,U-5201f77e,2025-05-24 11:32:43.558836,facebook,organic,tablet
S-2aed0402-067,GA-d5dd4a42-c032-4762-bdba-04074c9ca81b,,2025-05-25 21:28:54.777003,instagram,social,desktop
S-3f65e4ad-7b6,GA-40762bf6-b3b3-41ec-ad94-641014be9782,,2025-05-28 23:57:48.680642,instagram,email,desktop
S-a66fbe80-d33,GA-5a536a57-442e-4861-98ac-99121e4ce483,U-f4407e3e,2025-05-29 17:36:01.913720,newsletter,organic,mobile
S-a2fb4b53-290,GA-64889aaa-02c2-4547-a348-483323589caf,,2025-06-02 09:08:23.190464,direct,organic,tablet
S-e9ee75f0-48f,GA-4443795c-a1ab-4507-91c0-716535902768,U-ad03d281,2025-06-02 21:37:59.369079,newsletter,none,tablet
S-2171be12-155,GA-d52f5431-59f4-420e-abc1-760ba59357a0,U-4c9bebfc,2025-06-03 12:20:24.632835,newsletter,organic,mobile
S-42add932-a7f,GA-2b938b95-b286-4e37-944d-3a299f3e93a5,,2025-06-03 12:57:57.243747,direct,organic,mobile
S-644d50d7-ddd,GA-5a536a57-442e-4861-98ac-99121e4ce483,U-f4407e3e,2025-06-04 17:36:01.913720,google,cpc,mobile
S-1bfae987-c72,GA-03fc9d04-f1a0-47b2-9bad-882c8000a244,,2025-06-04 23:20:33.763111,facebook,cpc,desktop
S-124119b2-ef1,GA-00bc93e3-a6c9-47fc-9b39-d57a800aa6c5,,2025-06-05 22:31:14.535848,facebook,email,mobile
S-a065865c-a86,GA-54878937-1230-4cb9-b209-d138256cba35,,2025-06-06 05:44:04.976434,direct,email,desktop
S-8de5325d-fa3,GA-d52f5431-59f4-420e-abc1-760ba59357a0,U-4c9bebfc,2025-06-06 12:20:24.632835,facebook,cpc,mobile
S-61203733-2dd,GA-19175959-03f3-412a-b5a3-dc4724fffffc,U-d55ea96d,2025-06-07 09:16:50.202800,facebook,cpc,desktop
S-9235013d-98b,GA-d8a94081-6266-49aa-ae6c-98fadbc75134,,2025-06-08 06:38:02.867418,google,organic,mobile
S-95b0d48d-99b,GA-edd456f9-3358-4951-affd-7d87594b0d7f,U-5201f77e,2025-06-08 11:32:43.558836,newsletter,email,tablet
S-aa04ce11-350,GA-e192fc07-5c94-4f33-84bd-b52f60e54ddb,,2025-06-11 01:17:40.816910,instagram,organic,desktop
S-fde07575-275,GA-8e3a1a9b-635c-484a-b55b-aa11f5ed66d8,,2025-06-12 04:29:34.719388,direct,social,desktop
S-c437d54c-3b1,GA-e6051465-ce5d-457c-82f2-1c1cfbb565b7,U-787f2d11,2025-06-14 14:07:25.260465,direct,cpc,tablet
S-597dd71f-c89,GA-c7a601d6-f60e-41e3-82ff-796b2d7a1671,U-fcb6fc14,2025-06-17 05:20:48.365628,instagram,email,mobile
S-a8f130ff-2a6,GA-e6051465-ce5d-457c-82f2-1c1cfbb565b7,U-787f2d11,2025-06-18 14:07:25.260465,google,email,tablet
S-90f3b6cb-c1c,GA-2dfad7d5-9a8b-4d8a-b865-259ae6044377,,2025-06-20 10:33:47.834147,google,cpc,desktop
S-8a652737-e01,GA-7f19faae-0bc0-4447-ad01-1c1bb92af24c,,2025-06-21 14:53:27.272243,google,none,mobile
S-fd7e7338-aea,GA-25e193c8-a1a0-4e7a-b4a3-1afa828c53ab,,2025-06-22 19:09:00.923828,direct,organic,desktop
S-f3e7fc06-366,GA-eba4be2b-fbbd-4f8c-926e-388bf7477bc6,,2025-06-23 03:32:09.137221,facebook,organic,mobile
S-2622dab1-280,GA-b6c16370-f3fc-4251-8b66-9cc38a1dd977,,2025-06-27 12:58:55.951812,instagram,social,mobile
S-866ea148-cee,GA-5a536a57-442e-4861-98ac-99121e4ce483,U-f4407e3e,2025-06-28 17:36:01.913720,newsletter,social,mobile
S-2f7ad0b3-3d8,GA-2b65b8ad-23b9-4dd6-a282-fe8f5f7f1974,U-4d3321b3,2025-06-30 11:09:15.219702,direct,social,tablet
S-14db22da-55b,GA-04951a85-5791-4b48-b027-59316ca9da97,U-444e29e7,2025-06-30 19:55:52.830482,newsletter,social,tablet
S-fb542e43-763,GA-39d0fd89-6c8c-496e-b1cf-37197aa27e3d,,2025-07-01 05:34:56.991317,direct,cpc,mobile
S-3e627949-a47,GA-a65617c6-d9a4-4748-b1a0-f70a35cf2754,,2025-07-01 10:45:16.128591,facebook,social,desktop
S-754e322c-474,GA-04951a85-5791-4b48-b027-59316ca9da97,U-444e29e7,2025-07-01 19:55:52.830482,newsletter,social,tablet
S-a445c960-3fd,GA-e6051465-ce5d-457c-82f2-1c1cfbb565b7,U-787f2d11,2025-07-02 14:07:25.260465,newsletter,social,tablet
S-a52ba4ae-2bc,GA-eedd4ddd-7822-4623-8ef9-11da5993b63e,,2025-07-03 00:34:33.657535,facebook,none,tablet
S-2137653e-075,GA-0a3a707e-8601-486e-9239-9466e1e0170c,,2025-07-03 11:32:52.222317,instagram,email,desktop
S-1b12194a-bf9,GA-bab9f0ca-74bf-4da8-8b2a-3945190de6ed,,2025-07-04 03:22:45.581104,newsletter,email,desktop
S-15ce2db2-68f,GA-64889aaa-02c2-4547-a348-483323589caf,U-801c532d,2025-07-04 09:08:23.190464,instagram,social,tablet
S-8235ce4f-90b,GA-d5dd4a42-c032-4762-bdba-04074c9ca81b,U-48a0f74b,2025-07-04 21:28:54.777003,direct,cpc,desktop
S-2c25de0e-b7f,GA-34a90b99-9073-4cf5-98b7-d3fd6730e3a6,,2025-07-04 21:39:53.999116,google,social,desktop
S-11c35ab3-b95,GA-0ea3b425-256e-4f8b-a002-86b20ef51762,U-c9bf49ce,2025-07-05 07:37:42.985606,newsletter,cpc,mobile
S-a3d4517e-e75,GA-803d6191-8d0c-4a0a-be6e-cc37d2097e50,,2025-07-06 00:42:25.806368,facebook,organic,mobile
S-98974dff-80a,GA-bf32c191-1f0a-4de4-878a-19042d9731a5,,2025-07-06 06:11:12.454862,facebook,organic,desktop
S-ee7cb736-8d7,GA-5c26b534-3de0-491d-bd84-0cef1a5bc003,,2025-07-07 13:11:42.909196,newsletter,cpc,mobile
S-70eb37c7-7df,GA-b4f746a8-d6f1-41f2-819e-ad169d29b509,U-c3447887,2025-07-07 16:24:01.843184,direct,organic,mobile
S-7caecf67-852,GA-883ea68d-52c8-4a07-be97-b83414613621,,2025-07-07 18:58:02.888108,direct,none,desktop
S-facf9e22-09b,GA-26764c92-86be-4689-acf5-24991c89e8b8,,2025-07-08 02:43:27.241077,direct,organic,desktop
S-dd31b568-aa8,GA-f5f83b54-efec-49e5-b525-957ce11c937c,,2025-07-08 17:25:46.527600,newsletter,email,desktop
S-705bda4a-0fc,GA-04951a85-5791-4b48-b027-59316ca9da97,U-444e29e7,2025-07-08 19:55:52.830482,instagram,email,tablet
S-a0f899e2-52a,GA-8e8b9f19-5228-4c8c-9c2a-93bbf639be4e,U-bc19e13a,2025-07-10 00:30:43.586793,direct,social,desktop
S-99f94d77-0e6,GA-2b65b8ad-23b9-4dd6-a282-fe8f5f7f1974,U-4d3321b3,2025-07-10 11:09:15.219702,google,organic,tablet
S-3cb078ed-da5,GA-d76a1745-c449-49d9-9fdf-9beeffe6976b,U-87a80eb0,2025-07-10 12:56:12.112396,direct,social,desktop
S-0932eb3d-53d,GA-e687cf16-41f3-4b5f-b15f-903e78ca61de,,2025-07-10 16:34:22.096111,facebook,organic,mobile
S-0b3cceeb-ea4,GA-b0d1351a-2db9-4724-bc68-2bff69b6050e,,2025-07-11 14:28:44.443329,direct,email,mobile
S-cf971745-2e0,GA-7ab60934-42cf-43aa-b4dd-7a5341c4a7d1,,2025-07-11 20:07:33.709367,direct,social,desktop
S-0379a637-b66,GA-770e93b2-0b2e-4dfc-9dff-a6f00583a876,U-648392c9,2025-07-12 00:49:26.397862,instagram,cpc,desktop
S-c9504758-a2b,GA-62ff9eb8-ef28-4845-844f-2749f08d9424,,2025-07-12 04:23:32.678753,facebook,email,mobile
S-0a46d229-a67,GA-2a0dafb3-e7d4-43f6-a821-bf6534692adc,,2025-07-14 03:07:02.272403,newsletter,cpc,desktop
S-d15f1eb5-34c,GA-b4f746a8-d6f1-41f2-819e-ad169d29b509,U-c3447887,2025-07-14 16:24:01.843184,google,social,mobile
S-84a544f9-c3f,GA-6a5b5c5d-6885-4738-bf91-e367de444048,,2025-07-15 03:52:09.475845,google,organic,desktop
S-7df838f7-de6,GA-a861310b-059e-4565-ba5e-8c102439ddc0,,2025-07-15 04:22:16.745485,facebook,organic,mobile
S-38dde41a-53a,GA-034141cd-632d-4daa-ade1-ea5e9dc8e3a9,,2025-07-15 17:46:19.178031,instagram,email,mobile
S-f7fa9d4a-9b1,GA-0ea3b425-256e-4f8b-a002-86b20ef51762,U-c9bf49ce,2025-07-16 07:37:42.985606,newsletter,email,mobile
S-02b1feb5-03e,GA-b01dd54e-3e66-46db-b42d-c8e7abde0bff,,2025-07-16 18:07:15.228169,google,organic,desktop
S-8d8d47bb-dc3,GA-2ac0bf24-a187-4b97-88b0-a6715c8a839d,U-ce91c2a3,2025-07-17 08:55:16.899622,instagram,social,tablet
S-10fefe1e-4db,GA-d7215b64-5920-437f-b619-7bd6587b90f5,,2025-07-17 19:33:00.959354,facebook,email,desktop
S-34c20a59-dc0,GA-770e93b2-0b2e-4dfc-9dff-a6f00583a876,U-648392c9,2025-07-19 00:49:26.397862,direct,none,desktop
S-46119a2d-b5d,GA-211588c1-b98e-4a74-8c70-cdd632f43eaa,U-925027c9,2025-07-19 13:16:50.660534,direct,cpc,desktop
S-bee03d03-b93,GA-c001a2e0-1cdb-4af0-9f1f-50e1c3a8dd0d,,2025-07-19 15:30:55.588340,newsletter,email,desktop
S-c215586c-740,GA-8c7595aa-ef03-40ce-a86e-45ef1c949ed2,,2025-07-22 03:57:32.859716,newsletter,none,mobile
S-b3ac9db0-5c4,GA-65194c2a-2546-4673-88ae-e08a9db25596,,2025-07-24 21:48:21.967177,direct,none,desktop
S-95570a25-9d9,GA-aa59e77b-4bd0-4432-a22f-92ec11ee5c51,,2025-07-24 22:13:58.878748,google,cpc,mobile
S-9cfc6077-76d,GA-da0bf658-8f36-4f38-9bbe-a6452686efc3,,2025-07-25 02:00:09.610316,newsletter,email,desktop
S-69008fca-828,GA-26283b61-0389-416e-9365-5a646fc1ef0c,,2025-07-25 15:01:48.982723,facebook,organic,desktop
S-af9ae310-12a,GA-4223ddae-0be9-431b-bad6-9b515f13365b,,2025-07-27 06:43:30.250124,newsletter,cpc,mobile
S-a488e7e4-23e,GA-ab3d0de0-8fd4-4f75-8010-34a07d369256,,2025-07-27 15:00:20.510980,google,social,desktop
S-6435540f-671,GA-5b44a5f4-c8cb-4b40-97d5-46b8cdd4d62f,,2025-07-28 02:41:36.113704,google,social,desktop
S-aba07259-2f2,GA-434ec15c-a8ce-4cfa-b5f9-d2924c5f5922,U-e4b24f94,2025-07-28 03:48:47.516168,newsletter,social,tablet
S-ad950444-b22,GA-434ec15c-a8ce-4cfa-b5f9-d2924c5f5922,U-e4b24f94,2025-07-28 03:48:47.516168,direct,none,tablet
S-706f06a5-118,GA-166a246f-2277-4fd8-8739-d9f533e97fe4,,2025-07-28 13:46:28.978465,facebook,cpc,mobile
S-f602d6ca-d1d,GA-72753a47-c18c-44c6-a912-0d566031a5d7,,2025-07-30 17:17:35.011943,instagram,none,mobile
S-6799cfc1-e3a,GA-7f93d8b8-88b7-4a53-aa0d-80edb90d6708,,2025-07-30 17:34:50.928943,facebook,email,mobile
S-73258de2-f9f,GA-cef9c60b-755a-45fc-916e-89b49a8bac5b,,2025-08-01 23:38:03.160284,newsletter,social,desktop
S-4141812f-278,GA-66156534-9f6c-45d2-b5dd-282b007d69c5,,2025-08-03 00:07:09.052712,instagram,email,desktop
S-fe72a8b2-be8,GA-2ac0bf24-a187-4b97-88b0-a6715c8a839d,U-ce91c2a3,2025-08-03 08:55:16.899622,newsletter,social,tablet
S-a1fdb9d6-d80,GA-5269780a-90c2-401e-83cb-a2fd24205915,,2025-08-03 15:52:13.490292,instagram,email,mobile
S-fad0723f-b62,GA-85e655b5-9e49-4cef-80e8-c58f78e282f1,U-df48ff10,2025-08-04 00:06:42.567749,direct,cpc,mobile
S-3ac8c6aa-07b,GA-3a079c01-5503-4470-a0c3-63dd5bb5dcc5,,2025-08-04 16:31:05.193721,newsletter,social,desktop
S-17d85242-e3a,GA-3e5fc4c1-9a58-4856-ac30-436a6562fad0,,2025-08-05 05:50:25.161342,facebook,cpc,mobile
S-a8b6f5a4-8a8,GA-4588a5f1-1735-47a0-a49b-32e600c69208,U-504a0103,2025-08-05 13:51:05.946161,instagram,none,mobile
S-6c9ba75c-e7e,GA-8e8b9f19-5228-4c8c-9c2a-93bbf639be4e,U-bc19e13a,2025-08-06 00:30:43.586793,google,email,desktop
S-936c5b3e-946,GA-a96121a3-bc83-4367-9f48-0bcce2668370,,2025-08-06 20:07:55.172362,instagram,cpc,desktop
S-f16c1481-aba,GA-d5dd4a42-c032-4762-bdba-04074c9ca81b,U-48a0f74b,2025-08-06 21:28:54.777003,newsletter,social,desktop
S-e3dbf29c-74a,GA-ed1635b1-a90d-489c-8e29-1e2d8cc4471a,,2025-08-12 18:38:27.787700,google,cpc,desktop
S-5346580d-a37,GA-8f46270f-9dbb-42cc-b69a-715812778cfd,,2025-08-12 23:26:34.811973,facebook,cpc,desktop
S-ff42b0d1-6ee,GA-8864e0ba-9f4c-4241-8170-f8f3ee1cfeeb,U-42f8c02c,2025-08-15 17:15:35.280013,direct,email,tablet
S-6b1b9ba9-bec,GA-8864e0ba-9f4c-4241-8170-f8f3ee1cfeeb,U-42f8c02c,2025-08-17 17:15:35.280013,instagram,none,tablet
S-d1e3ef10-202,GA-eedd4ddd-7822-4623-8ef9-11da5993b63e,U-04248fd0,2025-08-18 00:34:33.657535,instagram,none,tablet
S-1398d35c-a41,GA-5a2e0937-8f0c-4503-99ae-b402a082cdde,,2025-08-19 18:08:33.052769,google,organic,desktop
S-e589838f-a7b,GA-0aa8eb33-8d66-47e0-8f51-bd1dfcd30d1c,,2025-08-20 03:57:25.714648,google,email,mobile
S-08f1ca66-962,GA-3bf0b06e-9ed1-453a-8ed6-8d5df9001f32,U-f9f23c20,2025-08-20 04:51:22.023945,google,none,tablet
S-6d4733d7-17c,GA-6fed2e1d-9bd3-4f62-ab70-ae33b03d1e2f,,2025-08-21 03:46:33.929135,direct,organic,mobile
S-eeb9f355-68d,GA-514208c2-0686-4784-82b5-c27dc6ff6e47,U-0629a60e,2025-08-21 22:29:51.643469,instagram,cpc,mobile
S-ecd22101-eab,GA-2281d37d-af85-4d9c-beef-410231fd0dc4,U-2b4bf697,2025-08-22 07:29:31.670291,google,email,desktop
S-1524fd2b-bc4,GA-54982efa-6ff4-4dfc-9766-2c1cd1dfa0e5,,2025-08-23 00:48:05.485182,google,cpc,desktop
S-5cd99f72-7e6,GA-ce9c247b-4f7d-4df4-9c22-7eeba77f9401,U-5bc85dae,2025-08-23 06:42:16.277950,instagram,email,tablet
S-f4015c0c-9aa,GA-9d4a1be1-53de-4376-a7b0-e3c8996107a3,,2025-08-23 13:17:30.481518,google,cpc,mobile
S-92a31d78-e90,GA-8864e0ba-9f4c-4241-8170-f8f3ee1cfeeb,U-42f8c02c,2025-08-23 17:15:35.280013,instagram,none,tablet
S-c3515a05-b0e,GA-66c37366-5e26-42d2-b293-c4444f112eb5,,2025-08-25 07:16:22.638267,instagram,cpc,desktop
S-1151bedc-8bf,GA-0118d332-132e-4e9e-a1ae-ac978ec3a1eb,,2025-08-25 19:30:45.833074,instagram,none,desktop
S-1f7ba7c6-05e,GA-6fd8b8e2-2c0c-498f-b57e-806f39586c8b,,2025-08-26 05:11:56.761424,direct,social,mobile
S-2e7f4b79-976,GA-901557a6-69a2-48ee-91c0-62a1eca9e93f,U-aa5a66d1,2025-08-27 02:41:01.995840,direct,social,mobile
S-ec33bac0-fd3,GA-26764c92-86be-4689-acf5-24991c89e8b8,U-f4222d5c,2025-08-27 02:43:27.241077,direct,organic,desktop
S-c7fd6787-ef7,GA-07144e81-3207-4d90-87bc-d98a7f2e9f47,,2025-08-27 21:28:42.344489,instagram,email,mobile
S-829e30fe-146,GA-514208c2-0686-4784-82b5-c27dc6ff6e47,U-0629a60e,2025-08-27 22:29:51.643469,instagram,none,mobile
S-3599a95a-288,GA-434ec15c-a8ce-4cfa-b5f9-d2924c5f5922,U-e4b24f94,2025-08-28 03:48:47.516168,newsletter,email,tablet
S-16ce725e-151,GA-50038760-3db2-4bd8-a6e3-a69464f6069d,,2025-08-29 19:04:06.984102,direct,organic,desktop
S-71b50630-66d,GA-8acba145-731a-48d1-82b1-757c74fa19aa,U-6355abe0,2025-08-30 16:54:33.453879,instagram,cpc,desktop
S-dec7947b-d6e,GA-846fb0de-4832-45d6-97fa-a097bc97c392,,2025-08-30 21:55:31.532772,google,social,desktop
S-ed31541f-368,GA-4ad01cf0-0ef6-45a1-883b-5b41dbec2ad3,,2025-08-31 20:26:39.114925,facebook,social,desktop
S-7d2116a9-d17,GA-7fecd4b2-586a-4c62-a5df-84b3a81c55dd,U-5f565af1,2025-08-31 21:13:23.909306,google,social,desktop
S-edd0abf0-72e,GA-b1092fd0-78f6-4e78-bbc3-cbef645f7bb3,,2025-09-02 00:35:45.585586,google,none,desktop
S-df11708a-2be,GA-3bf0b06e-9ed1-453a-8ed6-8d5df9001f32,U-f9f23c20,2025-09-02 04:51:22.023945,direct,none,tablet
S-63a93d1a-6ee,GA-26764c92-86be-4689-acf5-24991c89e8b8,U-f4222d5c,2025-09-03 02:43:27.241077,facebook,email,desktop
S-9af42591-dd2,GA-76ba29b6-65b9-4547-b3d8-2e345574c823,,2025-09-03 20:17:12.008658,instagram,cpc,mobile
S-3fbbd77e-fa3,GA-a5228b53-2a0e-4ac1-bbbb-236a8c4de2e5,,2025-09-04 00:21:45.360853,instagram,cpc,mobile
S-bd9e8fb5-a0e,GA-a01e3b5a-c260-400a-90b7-d900e331e16a,,2025-09-04 06:50:20.108183,instagram,social,desktop
S-6d8319cf-2dc,GA-bfba463c-89b5-478c-8678-77b16816f2a0,,2025-09-04 14:39:44.223744,google,email,mobile
S-12207389-2a1,GA-514208c2-0686-4784-82b5-c27dc6ff6e47,U-0629a60e,2025-09-05 22:29:51.643469,direct,none,mobile
S-f09405bb-633,GA-2728e7e5-f2a9-4ff9-842f-18f78056f94e,,2025-09-05 23:48:10.483833,instagram,none,desktop
S-702dc064-f55,GA-434ec15c-a8ce-4cfa-b5f9-d2924c5f5922,U-e4b24f94,2025-09-06 03:48:47.516168,instagram,none,tablet
S-4fa23371-7b8,GA-8acba145-731a-48d1-82b1-757c74fa19aa,U-6355abe0,2025-09-07 16:54:33.453879,instagram,cpc,desktop
S-35761028-548,GA-242529e1-6eee-4ae9-8114-189787a9c563,,2025-09-08 12:25:21.892544,instagram,organic,mobile
S-e6d95d7c-545,GA-26764c92-86be-4689-acf5-24991c89e8b8,U-f4222d5c,2025-09-09 02:43:27.241077,google,cpc,desktop
S-66b09a82-c09,GA-7c87b6e3-a3e1-40dc-9b9d-e3e27ed3c2cf,,2025-09-09 11:21:30.213148,newsletter,cpc,desktop
S-fef0b5fb-432,GA-514208c2-0686-4784-82b5-c27dc6ff6e47,U-0629a60e,2025-09-09 22:29:51.643469,newsletter,cpc,mobile
S-d307bcf8-bb6,GA-901557a6-69a2-48ee-91c0-62a1eca9e93f,U-aa5a66d1,2025-09-10 02:41:01.995840,direct,none,mobile
S-4759fa4b-13d,GA-26764c92-86be-4689-acf5-24991c89e8b8,U-f4222d5c,2025-09-10 02:43:27.241077,google,email,desktop
S-62f1ee49-123,GA-98763568-1f7a-4dce-aaeb-bacc19601873,,2025-09-10 07:30:41.337432,newsletter,email,desktop
S-363d492c-186,GA-4588a5f1-1735-47a0-a49b-32e600c69208,U-504a0103,2025-09-12 13:51:05.946161,google,social,mobile
S-ad0a50ae-214,GA-eedd4ddd-7822-4623-8ef9-11da5993b63e,U-04248fd0,2025-09-13 00:34:33.657535,facebook,social,tablet
S-d58bea3e-cc8,GA-eedd4ddd-7822-4623-8ef9-11da5993b63e,U-04248fd0,2025-09-13 00:34:33.657535,facebook,none,tablet
S-0d1f9b2f-2ef,GA-956f9839-72b1-4f56-9ac2-4b7730af05c7,,2025-09-13 12:46:42.812634,google,cpc,mobile
S-b3aed347-0a9,GA-2281d37d-af85-4d9c-beef-410231fd0dc4,U-2b4bf697,2025-09-14 07:29:31.670291,newsletter,email,desktop
S-478f4b30-927,GA-8c65f203-eaf1-4ac2-80ee-4c92b68192d3,U-209eb314,2025-09-15 11:49:26.377628,newsletter,email,desktop
S-aed12dc7-67e,GA-7fecd4b2-586a-4c62-a5df-84b3a81c55dd,U-5f565af1,2025-09-16 21:13:23.909306,instagram,social,desktop
S-5668db6e-fdb,GA-231b7417-6e00-4a80-a838-0c295241db1b,,2025-09-17 14:20:53.959794,newsletter,email,desktop
S-1a93231f-9fc,GA-3bf0b06e-9ed1-453a-8ed6-8d5df9001f32,U-f9f23c20,2025-09-18 04:51:22.023945,newsletter,organic,tablet
S-b28f9d64-208,GA-5dae437c-0062-43e1-a733-73355800292b,U-54865119,2025-09-18 13:45:52.887738,instagram,cpc,mobile
S-434958f9-b66,GA-901557a6-69a2-48ee-91c0-62a1eca9e93f,U-aa5a66d1,2025-09-19 02:41:01.995840,instagram,organic,mobile
S-c2866f25-e3a,GA-72c21252-e40d-40df-a672-0ddb224f2c2d,,2025-09-19 15:38:19.314480,newsletter,cpc,mobile
S-b95736f6-d69,GA-f4019b50-e229-42cd-9579-c2e5dfae1d6f,,2025-09-19 17:33:48.539238,google,organic,mobile
S-265b257a-74e,GA-cef4303d-ad05-460b-a135-3ed3002a4698,U-123fc047,2025-09-20 02:01:44.591170,facebook,organic,mobile
S-39b6e28f-447,GA-24a83072-eeee-44da-bfb4-38b255882685,,2025-09-20 18:06:11.540094,google,cpc,mobile
S-80fadd98-9b3,GA-b551567d-6e88-42a6-9588-b9c01af0252e,,2025-09-21 01:35:09.074833,facebook,none,mobile
S-3d71e591-8f3,GA-9e8cc1cb-b16b-49f1-848a-be8bcfc19e70,,2025-09-22 10:43:24.695316,facebook,email,desktop
S-4189239c-1a6,GA-0fd3e19b-4f05-4cef-9436-0d00b07bd0c2,,2025-09-23 21:08:53.575475,facebook,none,desktop
S-6e5fca58-cac,GA-7fecd4b2-586a-4c62-a5df-84b3a81c55dd,U-5f565af1,2025-09-23 21:13:23.909306,google,organic,desktop
S-dee17cc7-393,GA-daac9461-5a15-4681-9d74-83f0097d3c71,U-329aca38,2025-09-24 03:53:13.097509,newsletter,email,mobile
S-d8673094-d92,GA-b529d6fe-937f-4504-b682-c2f5f3c5a2a3,U-5b35b70f,2025-09-24 11:43:24.250724,direct,cpc,tablet
S-4ed3061e-7b6,GA-8acba145-731a-48d1-82b1-757c74fa19aa,U-6355abe0,2025-09-24 16:54:33.453879,google,organic,desktop
S-90170c62-607,GA-b5357bea-1f47-422b-92e7-db8d6fcbf8c2,,2025-09-25 04:58:47.247209,newsletter,none,mobile
S-58b7650e-8dc,GA-f0edf555-7f54-4736-a08e-0e039a11e104,,2025-09-25 11:09:21.975426,google,social,mobile
S-58a89131-ec4,GA-e898be05-254d-4298-9a17-b9c437d83ae7,,2025-09-25 21:24:33.176144,newsletter,none,tablet
S-60f558c7-0d5,GA-159f9b4f-a661-49d9-a852-2561fd2595cf,,2025-09-26 03:50:02.206741,google,social,tablet
S-e7246ca0-2d8,GA-582412c0-e345-427b-838e-82ae6a076421,U-f4d25dba,2025-09-27 20:43:00.973059,newsletter,organic,mobile
S-cdbf32a3-855,GA-1ec2c611-c4cb-4abe-a743-97cd8896d0ad,,2025-09-28 05:39:11.024308,instagram,social,desktop
S-40882983-d7e,GA-3272d252-64ef-4d5e-8ffd-0ddc55a4369a,,2025-09-28 15:05:12.814804,google,none,desktop
S-158cdc85-a8c,GA-ac35da7f-85e3-4713-bfc7-097c1097231c,,2025-09-29 05:06:29.210738,google,social,desktop
S-edaaad0d-d85,GA-b529d6fe-937f-4504-b682-c2f5f3c5a2a3,U-5b35b70f,2025-10-02 11:43:24.250724,facebook,none,tablet
S-0cb73f3c-915,GA-fceb1571-c31c-4d3e-bd59-ac61bee6a646,,2025-10-02 12:25:29.453781,instagram,social,mobile
S-a4628da3-0a8,GA-7ed62090-3752-4e5a-a03e-5f301445829f,,2025-10-02 14:07:02.114467,direct,social,desktop
S-b43b5ddf-145,GA-e97391b3-0590-433f-aafe-b2b69ce004bc,U-d47c110c,2025-10-04 01:30:18.916526,google,email,tablet
S-66f2910d-e85,GA-a2817aeb-53f1-48b0-9147-53ca479f5c49,,2025-10-04 02:05:36.985536,google,none,mobile
S-cfa27bcd-e22,GA-db600793-4d40-4502-aeaa-6e7e51818406,,2025-10-04 04:08:42.682470,google,none,desktop
S-91a8fecb-236,GA-8387e020-7d95-46af-808c-9a2970d6ca1a,,2025-10-04 11:06:42.509274,direct,social,mobile
S-9cf381d2-4b3,GA-c57cf8b5-8dba-43e0-8aa7-f2e7786779c0,,2025-10-04 15:31:43.078101,instagram,organic,tablet
S-8878c814-00a,GA-1fd7edd8-93bf-4b14-b5a9-90d6080609ae,,2025-10-04 15:48:26.184469,newsletter,cpc,desktop
S-d54406b5-e75,GA-901557a6-69a2-48ee-91c0-62a1eca9e93f,U-aa5a66d1,2025-10-05 02:41:01.995840,google,organic,mobile
S-76a4290a-a0b,GA-2503500d-d9fd-45e0-9c3f-94ddb7a07429,U-6625d410,2025-10-05 14:10:26.130524,facebook,email,mobile
S-fb8bda08-dab,GA-b2ffefcc-115d-4d82-9cad-0711fac1d234,,2025-10-06 16:13:45.377741,newsletter,organic,desktop
S-e4d807b4-431,GA-b529d6fe-937f-4504-b682-c2f5f3c5a2a3,U-5b35b70f,2025-10-07 11:43:24.250724,google,email,tablet
S-107f3f55-c55,GA-daac9461-5a15-4681-9d74-83f0097d3c71,U-329aca38,2025-10-08 03:53:13.097509,instagram,social,mobile
S-4a1d1a89-c48,GA-1d8859d2-cbb5-4017-bb74-ba6d438e1447,,2025-10-08 06:39:02.924996,facebook,email,desktop
S-68b7f1e0-169,GA-9d1cd0cc-d2a4-4d13-82f2-6081d8f27513,,2025-10-09 22:39:33.089057,direct,email,mobile
S-1040a9e0-d92,GA-21015aa4-3faf-41ad-bbcc-13ea1b1f97aa,,2025-10-10 16:23:50.304228,google,cpc,desktop
S-87e479fa-77b,GA-8c65f203-eaf1-4ac2-80ee-4c92b68192d3,U-209eb314,2025-10-12 11:49:26.377628,google,cpc,desktop
S-ceb99d2d-2c5,GA-3ad3f8f5-7b15-4bb7-aef2-be865fc5a10f,U-3f6ddc9e,2025-10-13 07:02:53.854512,google,cpc,tablet
S-9a83f566-73a,GA-2281d37d-af85-4d9c-beef-410231fd0dc4,U-2b4bf697,2025-10-14 07:29:31.670291,google,organic,desktop
S-b35d2ec7-171,GA-02fe2f1c-c24b-4d0d-8a50-cd4376e67534,U-3005ebdb,2025-10-14 19:13:27.258976,direct,social,mobile
S-72264b21-589,GA-af54d714-7674-4048-ab66-0809b7c99161,,2025-10-14 20:52:23.455701,facebook,none,mobile
S-a6d50c14-3f0,GA-7fecd4b2-586a-4c62-a5df-84b3a81c55dd,U-5f565af1,2025-10-15 21:13:23.909306,instagram,none,desktop
S-dce52a12-ed9,GA-4ea7b51a-2b56-4ccf-9c96-e7861bc5aefd,,2025-10-15 21:17:35.755024,facebook,none,desktop
S-271d4b40-568,GA-c189ee9b-93a5-4611-8b71-d509afcdfc58,,2025-10-16 08:08:39.588232,newsletter,organic,desktop
S-cbf00bd7-258,GA-daac9461-5a15-4681-9d74-83f0097d3c71,U-329aca38,2025-10-17 03:53:13.097509,direct,social,mobile
S-16557492-a4b,GA-3ad3f8f5-7b15-4bb7-aef2-be865fc5a10f,U-3f6ddc9e,2025-10-18 07:02:53.854512,newsletter,social,tablet
S-80ee20bc-7fc,GA-611930ec-26ec-4557-bbb9-e0bf33e84dc5,,2025-10-18 18:46:26.689302,google,none,mobile
S-5717162e-f57,GA-1b48ae65-e04a-4d96-aa3f-a1f87be37e64,,2025-10-19 01:54:12.747836,facebook,organic,desktop
S-50aa5ab1-52b,GA-32ab8338-e5c1-40a6-8dfa-fa78251b4e32,,2025-10-19 03:26:20.252473,instagram,organic,mobile
S-18064b1b-a04,GA-00e522f7-73b7-491b-a96a-8b353932c57f,,2025-10-20 04:04:57.772360,newsletter,organic,mobile
S-944365b9-bdd,GA-265c49f0-4529-494b-b322-e1aecdb0b3a8,,2025-10-20 09:30:11.798784,direct,cpc,mobile
S-5dd44ecc-185,GA-97840c97-f15e-44e4-a074-77e25b2a3f6c,,2025-10-21 09:43:00.795599,instagram,cpc,mobile
S-055545ec-007,GA-5dae437c-0062-43e1-a733-73355800292b,U-54865119,2025-10-21 13:45:52.887738,newsletter,email,mobile
S-c9265d61-80c,GA-2156edb0-3d3d-4faa-aaf0-af6dbbf0ce6e,U-93fe4118,2025-10-23 18:09:16.316884,direct,social,desktop
S-7d38d3ef-cea,GA-8c65f203-eaf1-4ac2-80ee-4c92b68192d3,U-209eb314,2025-10-24 11:49:26.377628,facebook,organic,desktop
S-b74b1f0f-3bf,GA-2156edb0-3d3d-4faa-aaf0-af6dbbf0ce6e,U-93fe4118,2025-10-24 18:09:16.316884,google,social,desktop
S-096809b2-071,GA-4ba546b2-1210-462d-af5f-97f99ed5f592,,2025-10-27 04:28:30.898082,facebook,social,mobile
S-d144f15d-e8b,GA-7e6b8d4a-09ac-4c6f-9d6a-31aaea376dcb,,2025-10-27 06:13:12.736237,instagram,none,desktop
S-536202f2-3c2,GA-8c65f203-eaf1-4ac2-80ee-4c92b68192d3,U-209eb314,2025-10-28 11:49:26.377628,direct,cpc,desktop
S-d5132ac7-c09,GA-c9d7dedf-57ff-4a8e-bd6f-f7768798d651,,2025-10-29 12:32:21.480346,google,cpc,desktop
S-fa5bbdf3-e1c,GA-c5dd3dc8-e4ec-4d0c-b1b7-ab2ec4677666,,2025-10-31 00:35:45.874720,facebook,cpc,mobile
S-14807a85-739,GA-35f5b49f-f0b0-4216-986c-c03c89d1f670,,2025-10-31 09:31:10.968441,direct,cpc,desktop
S-5cee9a56-414,GA-cbbeb870-024d-45d0-a11a-400876b15e48,,2025-10-31 18:41:54.983299,newsletter,cpc,mobile
S-8a0ca5b8-a23,GA-41d8ad71-cc89-4ce9-8965-007455c464aa,,2025-11-01 10:41:11.571045,facebook,social,desktop
S-83f0f8ed-781,GA-35ce4760-3300-4a64-9959-ed2f45de280e,,2025-11-02 03:46:08.218635,instagram,cpc,desktop
S-46049b4a-f8c,GA-dfec6cdf-1914-4f24-af2a-70f92c4885fc,,2025-11-02 07:00:35.912638,google,cpc,mobile
S-3326e787-d1f,GA-a61c2ac7-5016-4d5f-8a29-845c4a74ee3d,,2025-11-04 00:41:50.192949,facebook,social,mobile
S-48c4e9e2-f37,GA-e97391b3-0590-433f-aafe-b2b69ce004bc,U-d47c110c,2025-11-06 01:30:18.916526,facebook,email,tablet
S-002ed859-11b,GA-30e7c9d0-a57f-4bd7-9e16-679e5263f5ca,,2025-11-06 21:48:32.840560,google,social,desktop
S-edfa8b7b-ea2,GA-bb6c26ec-a976-4f28-a4d4-d671d748dff2,,2025-11-07 22:17:47.488465,facebook,social,mobile
S-f3456b0b-403,GA-9f7d6eed-8332-4946-8cc8-7e4a4303b6e9,,2025-11-08 02:55:54.819817,newsletter,none,mobile
S-0d6bf0ff-13d,GA-3ad3f8f5-7b15-4bb7-aef2-be865fc5a10f,U-3f6ddc9e,2025-11-08 07:02:53.854512,newsletter,cpc,tablet
S-75362fed-ff4,GA-2156edb0-3d3d-4faa-aaf0-af6dbbf0ce6e,U-93fe4118,2025-11-08 18:09:16.316884,newsletter,social,desktop
S-afab3391-362,GA-247782e1-596d-4748-b335-cab7ebc979bd,,2025-11-08 20:43:08.225996,facebook,organic,mobile
S-3f54f048-d67,GA-6fdf0c10-de4a-4760-a06e-e692b46be1dd,,2025-11-09 03:55:36.039530,facebook,email,desktop
S-19812d4e-456,GA-07357f34-4989-4047-8d72-b34d3692bc27,,2025-11-09 19:15:21.456880,facebook,social,desktop
S-f3b7628f-618,GA-0118d332-132e-4e9e-a1ae-ac978ec3a1eb,U-d87dd358,2025-11-09 19:30:45.833074,instagram,none,desktop
S-434e42e9-f25,GA-97c01e39-2e1e-4bf5-9091-9459721c2923,,2025-11-10 05:12:42.689281,newsletter,organic,desktop
S-4983d91b-073,GA-3424ec4a-b073-452b-8b90-4d3c3059c11d,,2025-11-11 03:11:42.431485,facebook,cpc,mobile
S-069ecec8-d1a,GA-97840c97-f15e-44e4-a074-77e25b2a3f6c,U-a5f4f77a,2025-11-12 09:43:00.795599,instagram,cpc,mobile
S-77ba237b-e34,GA-272ec2bc-584c-4a1b-ba3b-beaaf241063f,,2025-11-12 20:40:22.597163,facebook,email,mobile
S-82b2a8f8-964,GA-f270e4d2-9d26-4e92-abba-2a78c6fe1d5b,U-92d916c0,2025-11-12 21:25:54.848145,google,social,mobile
S-4daa9f70-b8b,GA-e23463eb-65fa-4435-b241-7ed64342c7c6,,2025-11-13 18:01:12.773705,google,social,mobile
S-677c967f-747,GA-985a38e8-7de6-4dc0-8a4f-4834b53a1130,,2025-11-13 19:21:40.525068,direct,none,mobile
S-96c6fa3b-52c,GA-582412c0-e345-427b-838e-82ae6a076421,U-f4d25dba,2025-11-13 20:43:00.973059,instagram,cpc,mobile
S-6c6095c8-050,GA-a4e149cf-4fd6-4fa2-b2da-7513b07b0a5a,,2025-11-16 06:15:47.860410,direct,cpc,mobile
S-3d4f8d53-9a9,GA-5fcea3ee-a117-4ca2-b83a-0b9854278aca,,2025-11-16 12:56:27.965160,instagram,organic,mobile
S-d4828bbd-826,GA-8e0f3f95-be94-4d88-a20b-faa6ffba9c14,,2025-11-16 16:30:20.026697,instagram,organic,mobile
S-7164d2fd-bb3,GA-40cc6ce5-8ee9-4062-bb20-4663fc07d322,U-7204f974,2025-11-17 22:55:53.047570,direct,social,tablet
S-99a3645a-18b,GA-582412c0-e345-427b-838e-82ae6a076421,U-f4d25dba,2025-11-18 20:43:00.973059,google,social,mobile
S-56df9343-ab2,GA-7b34d326-5492-482d-b237-0cda572091e8,,2025-11-19 06:45:29.690275,google,email,mobile
S-b2e6bec6-ad0,GA-a5ec7dd6-5bf4-4dd0-858e-6873b2274a1e,,2025-11-20 12:56:48.761614,instagram,organic,mobile
